/*Popolamento tabella cliente*/
  INSERT INTO CLIENTE (IDCLIENTE, NOME, COGNOME, EMAIL, TELEFONO)
VALUES(1, 'Mario', 'Rossi', 'mario@email.com', 123456789);
  INSERT INTO CLIENTE (IDCLIENTE, NOME, COGNOME, EMAIL, TELEFONO)
VALUES(2, 'Laura', 'Bianchi', 'laura@email.com', 987654321);
  INSERT INTO CLIENTE (IDCLIENTE, NOME, COGNOME, EMAIL, TELEFONO)
VALUES(3, 'Luigi', 'Verdi', 'luigi@email.com', 555555555);
  INSERT INTO CLIENTE (IDCLIENTE, NOME, COGNOME, EMAIL, TELEFONO)
VALUES(4, 'Giovanna', 'Ferrari', 'giovanna@email.com', 111111111);
  INSERT INTO CLIENTE (IDCLIENTE, NOME, COGNOME, EMAIL, TELEFONO)
VALUES(5, 'Roberto', 'Russo', 'roberto@email.com', 999989999);
  INSERT INTO CLIENTE (IDCLIENTE, NOME, COGNOME, EMAIL, TELEFONO)
VALUES(6, 'Chiara', 'Romano', 'chiara@email.com', 777777777);
 INSERT INTO CLIENTE (IDCLIENTE, NOME, COGNOME, EMAIL, TELEFONO)
VALUES (7, 'Alessandro', 'Gallo', 'alessandro@email.com', 444444444);
  INSERT INTO CLIENTE (IDCLIENTE, NOME, COGNOME, EMAIL, TELEFONO)
VALUES(8, 'Sara', 'Rizzo', 'sara@email.com', 222222222);
 INSERT INTO CLIENTE (IDCLIENTE, NOME, COGNOME, EMAIL, TELEFONO)
VALUES(9, 'Marco', 'Lombardi', 'marco@email.com', 888888888);
  INSERT INTO CLIENTE (IDCLIENTE, NOME, COGNOME, EMAIL, TELEFONO)
VALUES(10, 'Francesca', 'Moretti', 'francesca@email.com', 666666666);
  INSERT INTO CLIENTE (IDCLIENTE, NOME, COGNOME, EMAIL, TELEFONO)
VALUES(11, 'Antonio', 'Conti', 'antonio@email.com', 333332333);
  INSERT INTO CLIENTE (IDCLIENTE, NOME, COGNOME, EMAIL, TELEFONO)
VALUES(12, 'Valeria', 'Marchetti', 'valeria@email.com', 555555855);
  INSERT INTO CLIENTE (IDCLIENTE, NOME, COGNOME, EMAIL, TELEFONO)
VALUES(13, 'Giovanni', 'Santoro', 'giovanni@email.com', 777677777);
  INSERT INTO CLIENTE (IDCLIENTE, NOME, COGNOME, EMAIL, TELEFONO)
VALUES(14, 'Elena', 'Gatti', 'elena@email.com', 999999959);
  INSERT INTO CLIENTE (IDCLIENTE, NOME, COGNOME, EMAIL, TELEFONO)
VALUES(15, 'Fabio', 'Pellegrini', 'fabio@email.com', 111711111);

/*Popolamento tabella fattura*/
INSERT INTO FATTURA (IDFATTURA, DATAEMISSIONE, TOTALE)
VALUES(1, TO_DATE('2023-06-01', 'YYYY-MM-DD'), 100.50);
  INSERT INTO FATTURA (IDFATTURA, DATAEMISSIONE, TOTALE)
VALUES(2, TO_DATE('2023-06-02', 'YYYY-MM-DD'), 75.20);
  INSERT INTO FATTURA (IDFATTURA, DATAEMISSIONE, TOTALE)
VALUES(3, TO_DATE('2023-06-03', 'YYYY-MM-DD'), 150.00);
  INSERT INTO FATTURA (IDFATTURA, DATAEMISSIONE, TOTALE)
VALUES(4, TO_DATE('2023-06-04', 'YYYY-MM-DD'), 50.80);
  INSERT INTO FATTURA (IDFATTURA, DATAEMISSIONE, TOTALE)
VALUES(5, TO_DATE('2023-06-05', 'YYYY-MM-DD'), 90.10);
  INSERT INTO FATTURA (IDFATTURA, DATAEMISSIONE, TOTALE)
VALUES(6, TO_DATE('2023-06-06', 'YYYY-MM-DD'), 120.75);
  INSERT INTO FATTURA (IDFATTURA, DATAEMISSIONE, TOTALE)
VALUES(7, TO_DATE('2023-06-07', 'YYYY-MM-DD'), 80.30);
 INSERT INTO FATTURA (IDFATTURA, DATAEMISSIONE, TOTALE)
VALUES (8, TO_DATE('2023-06-08', 'YYYY-MM-DD'), 65.50);
 INSERT INTO FATTURA (IDFATTURA, DATAEMISSIONE, TOTALE)
VALUES (9, TO_DATE('2023-06-09', 'YYYY-MM-DD'), 95.40);
INSERT INTO FATTURA (IDFATTURA, DATAEMISSIONE, TOTALE)
VALUES  (10, TO_DATE('2023-06-10', 'YYYY-MM-DD'), 110.00);
 INSERT INTO FATTURA (IDFATTURA, DATAEMISSIONE, TOTALE)
VALUES (11, TO_DATE('2023-06-11', 'YYYY-MM-DD'), 70.25);
 INSERT INTO FATTURA (IDFATTURA, DATAEMISSIONE, TOTALE)
VALUES (12, TO_DATE('2023-06-12', 'YYYY-MM-DD'), 130.80);
 INSERT INTO FATTURA (IDFATTURA, DATAEMISSIONE, TOTALE)
VALUES (13, TO_DATE('2023-06-13', 'YYYY-MM-DD'), 85.90);
 INSERT INTO FATTURA (IDFATTURA, DATAEMISSIONE, TOTALE)
VALUES (14, TO_DATE('2023-06-14', 'YYYY-MM-DD'), 45.60);
 INSERT INTO FATTURA (IDFATTURA, DATAEMISSIONE, TOTALE)
VALUES (15, TO_DATE('2023-06-15', 'YYYY-MM-DD'), 105.15);

/*Popolamento tabella spedizione*/
INSERT INTO SPEDIZIONE (IDSPEDIZIONE, TEL, NOME, COGNOME, VIA, CITTA, CAP)
VALUES(1, 123456789, 'Mario', 'Rossi', 'Via Roma 1', 'Milano', 20121);
  INSERT INTO SPEDIZIONE (IDSPEDIZIONE, TEL, NOME, COGNOME, VIA, CITTA, CAP)
VALUES(2, 987654321, 'Laura', 'Bianchi', 'Via Verdi 5', 'Roma', 00185);
  INSERT INTO SPEDIZIONE (IDSPEDIZIONE, TEL, NOME, COGNOME, VIA, CITTA, CAP)
VALUES(3, 555555555, 'Luigi', 'Verdi', 'Via Garibaldi 10', 'Napoli', 80100);
  INSERT INTO SPEDIZIONE (IDSPEDIZIONE, TEL, NOME, COGNOME, VIA, CITTA, CAP)
VALUES(4, 111111111, 'Giovanna', 'Ferrari', 'Via Mazzini 3', 'Firenze', 50123);
  INSERT INTO SPEDIZIONE (IDSPEDIZIONE, TEL, NOME, COGNOME, VIA, CITTA, CAP)
VALUES(5, 999999999, 'Roberto', 'Russo', 'Via Libertà 8', 'Palermo', 90100);
  INSERT INTO SPEDIZIONE (IDSPEDIZIONE, TEL, NOME, COGNOME, VIA, CITTA, CAP)
VALUES(6, 777777777, 'Chiara', 'Romano', 'Via Manzoni 12', 'Torino', 10100);
  INSERT INTO SPEDIZIONE (IDSPEDIZIONE, TEL, NOME, COGNOME, VIA, CITTA, CAP)
VALUES(7, 444444444, 'Alessandro', 'Gallo', 'Via Dante 7', 'Bologna', 40100);
  INSERT INTO SPEDIZIONE (IDSPEDIZIONE, TEL, NOME, COGNOME, VIA, CITTA, CAP)
VALUES(8, 222222222, 'Sara', 'Rizzo', 'Via Cavour 15', 'Genova', 16100);
  INSERT INTO SPEDIZIONE (IDSPEDIZIONE, TEL, NOME, COGNOME, VIA, CITTA, CAP)
VALUES(9, 888888888, 'Marco', 'Lombardi', 'Via Milano 4', 'Bari', 70100);
  INSERT INTO SPEDIZIONE (IDSPEDIZIONE, TEL, NOME, COGNOME, VIA, CITTA, CAP)
VALUES(10, 666666666, 'Francesca', 'Moretti', 'Via Carducci 6', 'Verona', 37100);
  INSERT INTO SPEDIZIONE (IDSPEDIZIONE, TEL, NOME, COGNOME, VIA, CITTA, CAP)
VALUES(11, 333333333, 'Antonio', 'Conti', 'Via Garibaldi 20', 'Trieste', 34100);
  INSERT INTO SPEDIZIONE (IDSPEDIZIONE, TEL, NOME, COGNOME, VIA, CITTA, CAP)
VALUES(12, 555555555, 'Valeria', 'Marchetti', 'Via Mazzini 3', 'Padova', 35100);
  INSERT INTO SPEDIZIONE (IDSPEDIZIONE, TEL, NOME, COGNOME, VIA, CITTA, CAP)
VALUES(13, 777777777, 'Giovanni', 'Santoro', 'Via Leopardi 9', 'Perugia', 06100);
  INSERT INTO SPEDIZIONE (IDSPEDIZIONE, TEL, NOME, COGNOME, VIA, CITTA, CAP)
VALUES(14, 999999999, 'Elena', 'Gatti', 'Via Manzoni 18', 'Cagliari', 09100);
  INSERT INTO SPEDIZIONE (IDSPEDIZIONE, TEL, NOME, COGNOME, VIA, CITTA, CAP)
VALUES(15, 111111111, 'Fabio', 'Pellegrini', 'Via Garibaldi 5', 'Catania', 95100);

/*Popolamento tabella ordine*/
  INSERT INTO ORDINE (IDORDINE, IDFATTURA, IDCLIENTE, IDSPEDIZIONE, NUMEROPRODOTTI, DATACREAZIONE)
VALUES(1, 1, 1, 1, 3, TO_DATE('2023-06-01', 'YYYY-MM-DD'));
  INSERT INTO ORDINE (IDORDINE, IDFATTURA, IDCLIENTE, IDSPEDIZIONE, NUMEROPRODOTTI, DATACREAZIONE)
VALUES  (2, 2, 2, 2, 2, TO_DATE('2023-06-02', 'YYYY-MM-DD'));  
  INSERT INTO ORDINE (IDORDINE, IDFATTURA, IDCLIENTE, IDSPEDIZIONE, NUMEROPRODOTTI, DATACREAZIONE)
VALUES(3, 3, 3, 3, 1, TO_DATE('2023-06-03', 'YYYY-MM-DD'));
  INSERT INTO ORDINE (IDORDINE, IDFATTURA, IDCLIENTE, IDSPEDIZIONE, NUMEROPRODOTTI, DATACREAZIONE)
VALUES(4, 4, 4, 4, 4, TO_DATE('2023-06-04', 'YYYY-MM-DD'));
  INSERT INTO ORDINE (IDORDINE, IDFATTURA, IDCLIENTE, IDSPEDIZIONE, NUMEROPRODOTTI, DATACREAZIONE)
VALUES(5, 5, 5, 5, 2, TO_DATE('2023-06-05', 'YYYY-MM-DD'));
  INSERT INTO ORDINE (IDORDINE, IDFATTURA, IDCLIENTE, IDSPEDIZIONE, NUMEROPRODOTTI, DATACREAZIONE)
VALUES(6, 6, 6, 6, 3, TO_DATE('2023-06-06', 'YYYY-MM-DD'));
  INSERT INTO ORDINE (IDORDINE, IDFATTURA, IDCLIENTE, IDSPEDIZIONE, NUMEROPRODOTTI, DATACREAZIONE)
VALUES(7, 7, 7, 7, 2, TO_DATE('2023-06-07', 'YYYY-MM-DD'));
  INSERT INTO ORDINE (IDORDINE, IDFATTURA, IDCLIENTE, IDSPEDIZIONE, NUMEROPRODOTTI, DATACREAZIONE)
VALUES(8, 8, 8, 8, 1, TO_DATE('2023-06-08', 'YYYY-MM-DD'));
  INSERT INTO ORDINE (IDORDINE, IDFATTURA, IDCLIENTE, IDSPEDIZIONE, NUMEROPRODOTTI, DATACREAZIONE)
VALUES(9, 9, 9, 9, 4, TO_DATE('2023-06-09', 'YYYY-MM-DD'));
  INSERT INTO ORDINE (IDORDINE, IDFATTURA, IDCLIENTE, IDSPEDIZIONE, NUMEROPRODOTTI, DATACREAZIONE)
VALUES(10, 10, 10, 10, 3, TO_DATE('2023-06-10', 'YYYY-MM-DD'));
  INSERT INTO ORDINE (IDORDINE, IDFATTURA, IDCLIENTE, IDSPEDIZIONE, NUMEROPRODOTTI, DATACREAZIONE)
VALUES(11, 11, 11, 11, 2, TO_DATE('2023-06-11', 'YYYY-MM-DD'));
  INSERT INTO ORDINE (IDORDINE, IDFATTURA, IDCLIENTE, IDSPEDIZIONE, NUMEROPRODOTTI, DATACREAZIONE)
VALUES(12, 12, 12, 12, 1, TO_DATE('2023-06-12', 'YYYY-MM-DD'));
  INSERT INTO ORDINE (IDORDINE, IDFATTURA, IDCLIENTE, IDSPEDIZIONE, NUMEROPRODOTTI, DATACREAZIONE)
VALUES(13, 13, 13, 13, 4, TO_DATE('2023-06-13', 'YYYY-MM-DD'));
  INSERT INTO ORDINE (IDORDINE, IDFATTURA, IDCLIENTE, IDSPEDIZIONE, NUMEROPRODOTTI, DATACREAZIONE)
VALUES(14, 14, 14, 14, 2, TO_DATE('2023-06-14', 'YYYY-MM-DD'));
  INSERT INTO ORDINE (IDORDINE, IDFATTURA, IDCLIENTE, IDSPEDIZIONE, NUMEROPRODOTTI, DATACREAZIONE)
VALUES(15, 15, 15, 15, 3, TO_DATE('2023-06-15', 'YYYY-MM-DD'));

/*Popolamento tabella componente*/
  INSERT INTO COMPONENTE (EAN, NOME, PREZZO) 
VALUES(1001, 'Componente 1', 10.99);
  INSERT INTO COMPONENTE (EAN, NOME, PREZZO) 
VALUES(1002, 'Componente 2', 12.99);
  INSERT INTO COMPONENTE (EAN, NOME, PREZZO)
VALUES(1003, 'Componente 3', 8.99);
  INSERT INTO COMPONENTE (EAN, NOME, PREZZO)
VALUES(1004, 'Componente 4', 14.99);
  INSERT INTO COMPONENTE (EAN, NOME, PREZZO)
VALUES(1005, 'Componente 5', 9.99);
  INSERT INTO COMPONENTE (EAN, NOME, PREZZO)
VALUES(1006, 'Componente 6', 11.99);
  INSERT INTO COMPONENTE (EAN, NOME, PREZZO)
VALUES(1007, 'Componente 7', 13.99);
  INSERT INTO COMPONENTE (EAN, NOME, PREZZO)
VALUES(1008, 'Componente 8', 7.99);
  INSERT INTO COMPONENTE (EAN, NOME, PREZZO)
VALUES(1009, 'Componente 9', 16.99);
  INSERT INTO COMPONENTE (EAN, NOME, PREZZO)
VALUES(1010, 'Componente 10', 10.49);
  INSERT INTO COMPONENTE (EAN, NOME, PREZZO)
VALUES(1011, 'Componente 11', 9.49);
  INSERT INTO COMPONENTE (EAN, NOME, PREZZO)
VALUES(1012, 'Componente 12', 15.99);
  INSERT INTO COMPONENTE (EAN, NOME, PREZZO)
VALUES(1013, 'Componente 13', 11.49);
  INSERT INTO COMPONENTE (EAN, NOME, PREZZO)
VALUES(1014, 'Componente 14', 8.49);
  INSERT INTO COMPONENTE (EAN, NOME, PREZZO)
VALUES(1015, 'Componente 15', 13.49);

/*Popolamento tabella progetto*/
INSERT INTO PROGETTO (IDPROG, NOME, DATAINIZIO)
VALUES(1, 'Progetto 1', TO_DATE('2023-01-01', 'YYYY-MM-DD'));
  INSERT INTO PROGETTO (IDPROG, NOME, DATAINIZIO)
VALUES(2, 'Progetto 2', TO_DATE('2023-02-01', 'YYYY-MM-DD'));
  INSERT INTO PROGETTO (IDPROG, NOME, DATAINIZIO)
VALUES(3, 'Progetto 3', TO_DATE('2023-03-01', 'YYYY-MM-DD'));
  INSERT INTO PROGETTO (IDPROG, NOME, DATAINIZIO)
VALUES(4, 'Progetto 4', TO_DATE('2023-04-01', 'YYYY-MM-DD'));
 INSERT INTO PROGETTO (IDPROG, NOME, DATAINIZIO)
VALUES(5, 'Progetto 5', TO_DATE('2023-05-01', 'YYYY-MM-DD'));
  INSERT INTO PROGETTO (IDPROG, NOME, DATAINIZIO)
VALUES(6, 'Progetto 6', TO_DATE('2023-06-01', 'YYYY-MM-DD'));
  INSERT INTO PROGETTO (IDPROG, NOME, DATAINIZIO)
VALUES(7, 'Progetto 7', TO_DATE('2023-07-01', 'YYYY-MM-DD'));
  INSERT INTO PROGETTO (IDPROG, NOME, DATAINIZIO)
VALUES(8, 'Progetto 8', TO_DATE('2023-08-01', 'YYYY-MM-DD'));
  INSERT INTO PROGETTO (IDPROG, NOME, DATAINIZIO)
VALUES(9, 'Progetto 9', TO_DATE('2023-09-01', 'YYYY-MM-DD'));
  INSERT INTO PROGETTO (IDPROG, NOME, DATAINIZIO)
VALUES(10, 'Progetto 10', TO_DATE('2023-10-01', 'YYYY-MM-DD'));
  INSERT INTO PROGETTO (IDPROG, NOME, DATAINIZIO)
VALUES  (11, 'Progetto 11', TO_DATE('2023-11-01', 'YYYY-MM-DD'));
  INSERT INTO PROGETTO (IDPROG, NOME, DATAINIZIO)
VALUES(12, 'Progetto 12', TO_DATE('2023-12-01', 'YYYY-MM-DD'));
  INSERT INTO PROGETTO (IDPROG, NOME, DATAINIZIO)
VALUES(13, 'Progetto 13', TO_DATE('2024-01-01', 'YYYY-MM-DD'));
  INSERT INTO PROGETTO (IDPROG, NOME, DATAINIZIO)
VALUES(14, 'Progetto 14', TO_DATE('2024-02-01', 'YYYY-MM-DD'));
  INSERT INTO PROGETTO (IDPROG, NOME, DATAINIZIO)
VALUES(15, 'Progetto 15', TO_DATE('2024-03-01', 'YYYY-MM-DD'));

/*Popolamento tabella componentiprogetto*/                                               
  INSERT INTO COMPONENTIPROGETTO (IDPROG, EAN, QUANTITA) VALUES  (1, 1001, 2);
  INSERT INTO COMPONENTIPROGETTO (IDPROG, EAN, QUANTITA) VALUES  (1, 1002, 1);
  INSERT INTO COMPONENTIPROGETTO (IDPROG, EAN, QUANTITA) VALUES  (1, 1003, 3);
  INSERT INTO COMPONENTIPROGETTO (IDPROG, EAN, QUANTITA) VALUES  (2, 1001, 4);
  INSERT INTO COMPONENTIPROGETTO (IDPROG, EAN, QUANTITA) VALUES  (2, 1004, 2);
  INSERT INTO COMPONENTIPROGETTO (IDPROG, EAN, QUANTITA) VALUES  (3, 1002, 2);
  INSERT INTO COMPONENTIPROGETTO (IDPROG, EAN, QUANTITA) VALUES  (3, 1005, 1);
  INSERT INTO COMPONENTIPROGETTO (IDPROG, EAN, QUANTITA) VALUES  (4, 1003, 3);
  INSERT INTO COMPONENTIPROGETTO (IDPROG, EAN, QUANTITA) VALUES  (5, 1001, 2);
  INSERT INTO COMPONENTIPROGETTO (IDPROG, EAN, QUANTITA) VALUES  (5, 1004, 1);
  INSERT INTO COMPONENTIPROGETTO (IDPROG, EAN, QUANTITA) VALUES  (6, 1002, 3);
  INSERT INTO COMPONENTIPROGETTO (IDPROG, EAN, QUANTITA) VALUES  (7, 1005, 2);
  INSERT INTO COMPONENTIPROGETTO (IDPROG, EAN, QUANTITA) VALUES  (8, 1001, 1);
  INSERT INTO COMPONENTIPROGETTO (IDPROG, EAN, QUANTITA) VALUES  (9, 1001, 3);
  INSERT INTO COMPONENTIPROGETTO (IDPROG, EAN, QUANTITA) VALUES  (10, 1003, 2); 

/*Popolamento tabella contiene*/
  INSERT INTO CONTIENE (IDPROG, IDORDINE, QUANTITA) VALUES (1, 1, 2);
  INSERT INTO CONTIENE (IDPROG, IDORDINE, QUANTITA) VALUES (1, 2, 1);
  INSERT INTO CONTIENE (IDPROG, IDORDINE, QUANTITA) VALUES  (2, 3, 3);
  INSERT INTO CONTIENE (IDPROG, IDORDINE, QUANTITA) VALUES(2, 4, 4);
  INSERT INTO CONTIENE (IDPROG, IDORDINE, QUANTITA) VALUES(3, 5, 2);
  INSERT INTO CONTIENE (IDPROG, IDORDINE, QUANTITA) VALUES(3, 6, 1);
  INSERT INTO CONTIENE (IDPROG, IDORDINE, QUANTITA) VALUES(4, 7, 3);
  INSERT INTO CONTIENE (IDPROG, IDORDINE, QUANTITA) VALUES(4, 8, 2);
  INSERT INTO CONTIENE (IDPROG, IDORDINE, QUANTITA) VALUES(5, 9, 1);
  INSERT INTO CONTIENE (IDPROG, IDORDINE, QUANTITA) VALUES(5, 10, 2);
  INSERT INTO CONTIENE (IDPROG, IDORDINE, QUANTITA) VALUES(6, 11, 3);
  INSERT INTO CONTIENE (IDPROG, IDORDINE, QUANTITA) VALUES(7, 12, 2);
  INSERT INTO CONTIENE (IDPROG, IDORDINE, QUANTITA) VALUES(8, 13, 1);
  INSERT INTO CONTIENE (IDPROG, IDORDINE, QUANTITA) VALUES(9, 14, 4);
  INSERT INTO CONTIENE (IDPROG, IDORDINE, QUANTITA) VALUES(10, 15, 3);

/*Popolamento tabella fornitore*/
  INSERT INTO FORNITORE (PARTITAIVA, VIA, CIVICO, CITTA, CAP, TEL)
VALUES ('12345678901', 'Via Roma', 10, 'Milano', 20100, '0123456789');
  INSERT INTO FORNITORE (PARTITAIVA, VIA, CIVICO, CITTA, CAP, TEL)
VALUES  ('23456789012', 'Via Verdi', 20, 'Roma', 00100, '0234567890');
  INSERT INTO FORNITORE (PARTITAIVA, VIA, CIVICO, CITTA, CAP, TEL)
VALUES ('34567890123', 'Via Italia', 30, 'Napoli', 80100, '0345678901');
  INSERT INTO FORNITORE (PARTITAIVA, VIA, CIVICO, CITTA, CAP, TEL)
VALUES('45678901234', 'Via Firenze', 40, 'Torino', 10100, '0456789012');
  INSERT INTO FORNITORE (PARTITAIVA, VIA, CIVICO, CITTA, CAP, TEL)
VALUES('56789012345', 'Via Venezia', 50, 'Firenze', 50100, '0567890123');
  INSERT INTO FORNITORE (PARTITAIVA, VIA, CIVICO, CITTA, CAP, TEL)
VALUES('67890123456', 'Via Bologna', 60, 'Palermo', 90100, '0678901234');
  INSERT INTO FORNITORE (PARTITAIVA, VIA, CIVICO, CITTA, CAP, TEL)
VALUES('78901234567', 'Via Genova', 70, 'Genova', 16100, '0789012345');
  INSERT INTO FORNITORE (PARTITAIVA, VIA, CIVICO, CITTA, CAP, TEL)
VALUES('89012345678', 'Via Milano', 80, 'Bologna', 40100, '0890123456');
  INSERT INTO FORNITORE (PARTITAIVA, VIA, CIVICO, CITTA, CAP, TEL)
VALUES('90123456789', 'Via Napoli', 90, 'Verona', 37100, '0901234567');
  INSERT INTO FORNITORE (PARTITAIVA, VIA, CIVICO, CITTA, CAP, TEL)
VALUES('01234567890', 'Via Torino', 100, 'Venezia', 30100, '0012345678');
  INSERT INTO FORNITORE (PARTITAIVA, VIA, CIVICO, CITTA, CAP, TEL)
VALUES('11223344556', 'Via Palermo', 110, 'Cagliari', 90100, '1122334455');
  INSERT INTO FORNITORE (PARTITAIVA, VIA, CIVICO, CITTA, CAP, TEL)
VALUES('22334455667', 'Via Genova', 120, 'Napoli', 80100, '2233445566');
  INSERT INTO FORNITORE (PARTITAIVA, VIA, CIVICO, CITTA, CAP, TEL)
VALUES('33445566778', 'Via Firenze', 130, 'Milano', 20100, '3344556677');
 INSERT INTO FORNITORE (PARTITAIVA, VIA, CIVICO, CITTA, CAP, TEL)
VALUES ('44556677889', 'Via Roma', 140, 'Roma', 00100, '4455667788');
  INSERT INTO FORNITORE (PARTITAIVA, VIA, CIVICO, CITTA, CAP, TEL)
VALUES('55667788990', 'Via Verdi', 150, 'Torino', 10100, '5566778899');

/*Popolamento tabella fornitura*/
INSERT INTO FORNITURA (PARTITAIVAFORNITORE, EANCOMPONENTE, QUANTITA, DATAACQUISTO) 
VALUES ('12345678901', 1001, 5, TO_DATE('2023-06-01', 'YYYY-MM-DD'));
INSERT INTO FORNITURA (PARTITAIVAFORNITORE, EANCOMPONENTE, QUANTITA, DATAACQUISTO) 
VALUES ('23456789012', 1002, 3, TO_DATE('2023-06-02', 'YYYY-MM-DD'));
INSERT INTO FORNITURA (PARTITAIVAFORNITORE, EANCOMPONENTE, QUANTITA, DATAACQUISTO) 
VALUES ('34567890123', 1003, 7, TO_DATE('2023-06-03', 'YYYY-MM-DD'));
INSERT INTO FORNITURA (PARTITAIVAFORNITORE, EANCOMPONENTE, QUANTITA, DATAACQUISTO) 
VALUES ('45678901234', 1004, 4, TO_DATE('2023-06-04', 'YYYY-MM-DD'));
INSERT INTO FORNITURA (PARTITAIVAFORNITORE, EANCOMPONENTE, QUANTITA, DATAACQUISTO) 
VALUES ('56789012345', 1005, 10, TO_DATE('2023-06-05', 'YYYY-MM-DD'));
INSERT INTO FORNITURA (PARTITAIVAFORNITORE, EANCOMPONENTE, QUANTITA, DATAACQUISTO) 
VALUES ('67890123456', 1006, 6, TO_DATE('2023-06-06', 'YYYY-MM-DD'));
INSERT INTO FORNITURA (PARTITAIVAFORNITORE, EANCOMPONENTE, QUANTITA, DATAACQUISTO) 
VALUES ('78901234567', 1007, 2, TO_DATE('2023-06-07', 'YYYY-MM-DD'));
INSERT INTO FORNITURA (PARTITAIVAFORNITORE, EANCOMPONENTE, QUANTITA, DATAACQUISTO) 
VALUES ('89012345678', 1008, 8, TO_DATE('2023-06-08', 'YYYY-MM-DD'));
INSERT INTO FORNITURA (PARTITAIVAFORNITORE, EANCOMPONENTE, QUANTITA, DATAACQUISTO) 
VALUES ('90123456789', 1009, 9, TO_DATE('2023-06-09', 'YYYY-MM-DD'));
INSERT INTO FORNITURA (PARTITAIVAFORNITORE, EANCOMPONENTE, QUANTITA, DATAACQUISTO) 
VALUES ('01234567890', 1010, 7, TO_DATE('2023-06-10', 'YYYY-MM-DD'));
INSERT INTO FORNITURA (PARTITAIVAFORNITORE, EANCOMPONENTE, QUANTITA, DATAACQUISTO) 
VALUES ('11223344556', 1011, 3, TO_DATE('2023-06-11', 'YYYY-MM-DD'));
INSERT INTO FORNITURA (PARTITAIVAFORNITORE, EANCOMPONENTE, QUANTITA, DATAACQUISTO) 
VALUES ('22334455667', 1012, 6, TO_DATE('2023-06-12', 'YYYY-MM-DD'));
INSERT INTO FORNITURA (PARTITAIVAFORNITORE, EANCOMPONENTE, QUANTITA, DATAACQUISTO) 
VALUES ('33445566778', 1013, 4, TO_DATE('2023-06-13', 'YYYY-MM-DD'));
INSERT INTO FORNITURA (PARTITAIVAFORNITORE, EANCOMPONENTE, QUANTITA, DATAACQUISTO) 
VALUES ('44556677889', 1014, 10, TO_DATE('2023-06-14', 'YYYY-MM-DD'));
INSERT INTO FORNITURA (PARTITAIVAFORNITORE, EANCOMPONENTE, QUANTITA, DATAACQUISTO) 
VALUES ('55667788990', 1015, 8, TO_DATE('2023-06-15', 'YYYY-MM-DD'));

/*Popolamento tabella reparto*/
INSERT INTO REPARTO (IDREPARTO, TELEFONO, DIPENDENTIMAX) VALUES
(1, '1234567890', 5);
INSERT INTO REPARTO (IDREPARTO, TELEFONO, DIPENDENTIMAX) VALUES
(2, '9876543210', 5);
INSERT INTO REPARTO (IDREPARTO, TELEFONO, DIPENDENTIMAX) VALUES
(3, '1111111111', 5);
INSERT INTO REPARTO (IDREPARTO, TELEFONO, DIPENDENTIMAX) VALUES
(4, '2222222222', 5);
INSERT INTO REPARTO (IDREPARTO, TELEFONO, DIPENDENTIMAX) VALUES
(5, '3333333333', 5);
INSERT INTO REPARTO (IDREPARTO, TELEFONO, DIPENDENTIMAX) VALUES
(6, '4444444444', 5);
INSERT INTO REPARTO (IDREPARTO, TELEFONO, DIPENDENTIMAX) VALUES
(7, '5555555555', 5);
INSERT INTO REPARTO (IDREPARTO, TELEFONO, DIPENDENTIMAX) VALUES
(8, '6666666666', 5);
INSERT INTO REPARTO (IDREPARTO, TELEFONO, DIPENDENTIMAX) VALUES
(9, '7777777777', 5);
INSERT INTO REPARTO (IDREPARTO, TELEFONO, DIPENDENTIMAX) VALUES
(10, '8888888888',5);
INSERT INTO REPARTO (IDREPARTO, TELEFONO, DIPENDENTIMAX) VALUES
(11, '9999999999',5);
INSERT INTO REPARTO (IDREPARTO, TELEFONO, DIPENDENTIMAX) VALUES
(12, '1010101010',5);
INSERT INTO REPARTO (IDREPARTO, TELEFONO, DIPENDENTIMAX) VALUES
(13, '1212121212',5);
INSERT INTO REPARTO (IDREPARTO, TELEFONO, DIPENDENTIMAX) VALUES
(14, '1313131313',5);
INSERT INTO REPARTO (IDREPARTO, TELEFONO, DIPENDENTIMAX) VALUES
(15, '1414141414',5);
INSERT INTO REPARTO (IDREPARTO, TELEFONO, DIPENDENTIMAX) VALUES
(16, '1515151515',5);

/*Popolamento tabella progettazione*/
INSERT INTO PROGETTAZIONE (IDREPARTO, STATOPROTOTIPO, STIMATEMPO, STIMAEFFORT, IDPROG) VALUES
(1,   NULL, 40, 120, 1);
INSERT INTO PROGETTAZIONE (IDREPARTO,   STATOPROTOTIPO, STIMATEMPO, STIMAEFFORT, IDPROG) VALUES
(2,   NULL, 25, 80, 2);
INSERT INTO PROGETTAZIONE (IDREPARTO,   STATOPROTOTIPO, STIMATEMPO, STIMAEFFORT, IDPROG) VALUES
(3,   NULL, 30, 90, 3);
INSERT INTO PROGETTAZIONE (IDREPARTO,   STATOPROTOTIPO, STIMATEMPO, STIMAEFFORT, IDPROG) VALUES
(4,   NULL, 20, 60, 4);

/*Popolamento tabella produzione*/
INSERT INTO produzione (IDREPARTO,  STATO,NMACCHINE) VALUES
(5,  NULL,12);
INSERT INTO produzione (IDREPARTO,  STATO,NMACCHINE) VALUES
(6,  NULL,16);
INSERT INTO produzione (IDREPARTO,  STATO,NMACCHINE) VALUES
(7,  NULL,17);
INSERT INTO produzione (IDREPARTO,  STATO,NMACCHINE) VALUES
(8,  NULL,21);

/*Popolamento tabella collaudo*/
INSERT INTO COLLAUDO(IDREPARTO, ESITO,NMACCHINE) VALUES 
(9,NULL,12);
INSERT INTO COLLAUDO(IDREPARTO,  ESITO,NMACCHINE) VALUES 
(10,NULL,32);
INSERT INTO COLLAUDO(IDREPARTO,  ESITO,NMACCHINE) VALUES 
(11,NULL,22);
INSERT INTO COLLAUDO(IDREPARTO,  ESITO,NMACCHINE) VALUES 
(12,NULL,15);

/*Popolamento tabella magazzino*/
INSERT INTO MAGAZZINO(IDREPARTO, SPAZIOTOT) VALUES
 (13,50);
INSERT INTO MAGAZZINO(IDREPARTO, SPAZIOTOT) VALUES
 (14,50);
INSERT INTO MAGAZZINO(IDREPARTO, SPAZIOTOT) VALUES
 (15,50);
INSERT INTO MAGAZZINO(IDREPARTO, SPAZIOTOT) VALUES
 (16,50);

/*Popolamento tabella immagazzinamento*/
INSERT INTO IMMAGAZZINAMENTO (IDLOTTO, SPAZIOOCCUPATO, ORARIO, DATAIMM, QUANTITA, PARTITAIVA, EAN, IDREPARTO)
  VALUES (1, 10, TO_DATE('2023-06-13 08:30:00', 'YYYY-MM-DD HH24:MI:SS'), TO_DATE('2023-06-13', 'YYYY-MM-DD'), 50, '12345678901', 1001, 16);
INSERT INTO IMMAGAZZINAMENTO (IDLOTTO, SPAZIOOCCUPATO, ORARIO, DATAIMM, QUANTITA, PARTITAIVA, EAN, IDREPARTO)
  VALUES (2, 15, TO_DATE('2023-06-14 09:15:00', 'YYYY-MM-DD HH24:MI:SS'), TO_DATE('2023-06-14', 'YYYY-MM-DD'), 30, '23456789012', 1002, 16);
INSERT INTO IMMAGAZZINAMENTO (IDLOTTO, SPAZIOOCCUPATO, ORARIO, DATAIMM, QUANTITA, PARTITAIVA, EAN, IDREPARTO)
  VALUES (3, 8, TO_DATE('2023-06-15 10:45:00', 'YYYY-MM-DD HH24:MI:SS'), TO_DATE('2023-06-15', 'YYYY-MM-DD'), 20, '45678901234', 1002, 13);
INSERT INTO IMMAGAZZINAMENTO (IDLOTTO, SPAZIOOCCUPATO, ORARIO, DATAIMM, QUANTITA, PARTITAIVA, EAN, IDREPARTO)
  VALUES (4, 12, TO_DATE('2023-06-16 14:20:00', 'YYYY-MM-DD HH24:MI:SS'), TO_DATE('2023-06-16', 'YYYY-MM-DD'), 40, '01234567890', 1004, 14);
INSERT INTO IMMAGAZZINAMENTO (IDLOTTO, SPAZIOOCCUPATO, ORARIO, DATAIMM, QUANTITA, PARTITAIVA, EAN, IDREPARTO)
  VALUES (5, 5, TO_DATE('2023-06-17 11:10:00', 'YYYY-MM-DD HH24:MI:SS'), TO_DATE('2023-06-17', 'YYYY-MM-DD'), 10, '89012345678', 1005, 15);
INSERT INTO IMMAGAZZINAMENTO (IDLOTTO, SPAZIOOCCUPATO, ORARIO, DATAIMM, QUANTITA, PARTITAIVA, EAN, IDREPARTO)
  VALUES (6, 20, TO_DATE('2023-06-18 13:45:00', 'YYYY-MM-DD HH24:MI:SS'), TO_DATE('2023-06-18', 'YYYY-MM-DD'), 60, '23456789012', 1007, 16);
INSERT INTO IMMAGAZZINAMENTO (IDLOTTO, SPAZIOOCCUPATO, ORARIO, DATAIMM, QUANTITA, PARTITAIVA, EAN, IDREPARTO)
  VALUES (7, 7, TO_DATE('2023-06-19 09:55:00', 'YYYY-MM-DD HH24:MI:SS'), TO_DATE('2023-06-19', 'YYYY-MM-DD'), 15, '34567890123', 1008, 14);
INSERT INTO IMMAGAZZINAMENTO (IDLOTTO, SPAZIOOCCUPATO, ORARIO, DATAIMM, QUANTITA, PARTITAIVA, EAN, IDREPARTO)
  VALUES (8, 14, TO_DATE('2023-06-20 12:30:00', 'YYYY-MM-DD HH24:MI:SS'), TO_DATE('2023-06-20', 'YYYY-MM-DD'), 35, '56789012345', 1014, 15);
INSERT INTO IMMAGAZZINAMENTO (IDLOTTO, SPAZIOOCCUPATO, ORARIO, DATAIMM, QUANTITA, PARTITAIVA, EAN, IDREPARTO)
  VALUES (9, 9, TO_DATE('2023-06-21 15:05:00', 'YYYY-MM-DD HH24:MI:SS'), TO_DATE('2023-06-21', 'YYYY-MM-DD'), 25, '89012345678', 1015, 16);
INSERT INTO IMMAGAZZINAMENTO (IDLOTTO, SPAZIOOCCUPATO, ORARIO, DATAIMM, QUANTITA, PARTITAIVA, EAN, IDREPARTO)
  VALUES (10, 18, TO_DATE('2023-06-22 10:40:00', 'YYYY-MM-DD HH24:MI:SS'), TO_DATE('2023-06-22', 'YYYY-MM-DD'), 55, '01234567890', 1010, 13);
INSERT INTO IMMAGAZZINAMENTO (IDLOTTO, SPAZIOOCCUPATO, ORARIO, DATAIMM, QUANTITA, PARTITAIVA, EAN, IDREPARTO)
  VALUES (11, 6, TO_DATE('2023-06-23 13:15:00', 'YYYY-MM-DD HH24:MI:SS'), TO_DATE('2023-06-23', 'YYYY-MM-DD'), 12, '12345678901', 1013, 13);
INSERT INTO IMMAGAZZINAMENTO (IDLOTTO, SPAZIOOCCUPATO, ORARIO, DATAIMM, QUANTITA, PARTITAIVA, EAN, IDREPARTO)
  VALUES (12, 13, TO_DATE('2023-06-24 11:25:00', 'YYYY-MM-DD HH24:MI:SS'), TO_DATE('2023-06-24', 'YYYY-MM-DD'), 28, '23456789012', 1015, 15);
INSERT INTO IMMAGAZZINAMENTO (IDLOTTO, SPAZIOOCCUPATO, ORARIO, DATAIMM, QUANTITA, PARTITAIVA, EAN, IDREPARTO)
  VALUES (13, 8, TO_DATE('2023-06-25 14:00:00', 'YYYY-MM-DD HH24:MI:SS'), TO_DATE('2023-06-25', 'YYYY-MM-DD'), 18, '34567890123', 1013, 13);
INSERT INTO IMMAGAZZINAMENTO (IDLOTTO, SPAZIOOCCUPATO, ORARIO, DATAIMM, QUANTITA, PARTITAIVA, EAN, IDREPARTO)
  VALUES (14, 16, TO_DATE('2023-06-26 11:50:00', 'YYYY-MM-DD HH24:MI:SS'), TO_DATE('2023-06-26', 'YYYY-MM-DD'), 45, '45678901234', 1008, 14);
INSERT INTO IMMAGAZZINAMENTO (IDLOTTO, SPAZIOOCCUPATO, ORARIO, DATAIMM, QUANTITA, PARTITAIVA, EAN, IDREPARTO)
  VALUES (15, 11, TO_DATE('2023-06-27 13:25:00', 'YYYY-MM-DD HH24:MI:SS'), TO_DATE('2023-06-27', 'YYYY-MM-DD'), 33, '56789012345', 1015, 15);

/*Popolamento tabella dipendente*/
INSERT INTO DIPENDENTE (IDDIPENDENTE, NOME, COGNOME, RAL, TIPODIPENDENTE) VALUES (1, 'Mario', 'Rossi', 30000, 'Magazziniere');
INSERT INTO DIPENDENTE (IDDIPENDENTE, NOME, COGNOME, RAL, TIPODIPENDENTE) VALUES (2, 'Luca', 'Bianchi', 25000, 'Operaio');
INSERT INTO DIPENDENTE (IDDIPENDENTE, NOME, COGNOME, RAL, TIPODIPENDENTE) VALUES (3, 'Laura', 'Verdi', 35000, 'Ingegnere');
INSERT INTO DIPENDENTE (IDDIPENDENTE, NOME, COGNOME, RAL, TIPODIPENDENTE) VALUES (4, 'Giovanni', 'Russo', 28000, 'Responsabile');
INSERT INTO DIPENDENTE (IDDIPENDENTE, NOME, COGNOME, RAL, TIPODIPENDENTE) VALUES (5, 'Francesca', 'Esposito', 32000, 'Collaudatore');
INSERT INTO DIPENDENTE (IDDIPENDENTE, NOME, COGNOME, RAL, TIPODIPENDENTE) VALUES (6, 'Marco', 'Romano', 27000, 'Magazziniere');
INSERT INTO DIPENDENTE (IDDIPENDENTE, NOME, COGNOME, RAL, TIPODIPENDENTE) VALUES (7, 'Sara', 'Galli', 38000, 'Operaio'); 
INSERT INTO DIPENDENTE (IDDIPENDENTE, NOME, COGNOME, RAL, TIPODIPENDENTE) VALUES (8, 'Paolo', 'Conti', 29000, 'Ingegnere');
INSERT INTO DIPENDENTE (IDDIPENDENTE, NOME, COGNOME, RAL, TIPODIPENDENTE) VALUES (9, 'Alessia', 'Ferrari', 33000, 'Responsabile');
INSERT INTO DIPENDENTE (IDDIPENDENTE, NOME, COGNOME, RAL, TIPODIPENDENTE) VALUES (10, 'Simone', 'Martini', 26000, 'Collaudatore');
INSERT INTO DIPENDENTE (IDDIPENDENTE, NOME, COGNOME, RAL, TIPODIPENDENTE) VALUES (11, 'Valentina', 'Rizzo', 31000, 'Magazziniere');
INSERT INTO DIPENDENTE (IDDIPENDENTE, NOME, COGNOME, RAL, TIPODIPENDENTE) VALUES (12, 'Fabio', 'Colombo', 24000, 'Operaio');
INSERT INTO DIPENDENTE (IDDIPENDENTE, NOME, COGNOME, RAL, TIPODIPENDENTE) VALUES (13, 'Elisa', 'Santoro', 37000, 'Ingegnere');
INSERT INTO DIPENDENTE (IDDIPENDENTE, NOME, COGNOME, RAL, TIPODIPENDENTE) VALUES (14, 'Giuseppe', 'Moretti', 28000, 'Responsabile');
INSERT INTO DIPENDENTE (IDDIPENDENTE, NOME, COGNOME, RAL, TIPODIPENDENTE) VALUES (15, 'Caterina', 'Gentile', 32000, 'Collaudatore');
INSERT INTO DIPENDENTE (IDDIPENDENTE, NOME, COGNOME, RAL, TIPODIPENDENTE) VALUES (16, 'Antonio', 'Lombardi', 27000, 'Magazziniere');
INSERT INTO DIPENDENTE (IDDIPENDENTE, NOME, COGNOME, RAL, TIPODIPENDENTE) VALUES (17, 'Elena', 'Pellegrini', 38000, 'Operaio');
INSERT INTO DIPENDENTE (IDDIPENDENTE, NOME, COGNOME, RAL, TIPODIPENDENTE) VALUES (18, 'Roberto', 'Ricci', 29000, 'Ingegnere');
INSERT INTO DIPENDENTE (IDDIPENDENTE, NOME, COGNOME, RAL, TIPODIPENDENTE) VALUES (19, 'Monica', 'Ferri', 33000, 'Responsabile');
INSERT INTO DIPENDENTE (IDDIPENDENTE, NOME, COGNOME, RAL, TIPODIPENDENTE) VALUES (20, 'Davide', 'Greco', 26000, 'Collaudatore');
INSERT INTO DIPENDENTE (IDDIPENDENTE, NOME, COGNOME, RAL, TIPODIPENDENTE) VALUES (21, 'Silvia', 'Marini', 31000, 'Magazziniere');
INSERT INTO DIPENDENTE (IDDIPENDENTE, NOME, COGNOME, RAL, TIPODIPENDENTE) VALUES (22, 'Lorenzo', 'Fabbri', 24000, 'Operaio');
INSERT INTO DIPENDENTE (IDDIPENDENTE, NOME, COGNOME, RAL, TIPODIPENDENTE) VALUES (23, 'Federica', 'Bellini', 37000, 'Ingegnere');
INSERT INTO DIPENDENTE (IDDIPENDENTE, NOME, COGNOME, RAL, TIPODIPENDENTE) VALUES (24, 'Andrea', 'Gatti', 28000, 'Ingegnere');
INSERT INTO DIPENDENTE (IDDIPENDENTE, NOME, COGNOME, RAL, TIPODIPENDENTE) VALUES (25, 'Martina', 'Palmieri', 32000, 'Collaudatore');
INSERT INTO DIPENDENTE (IDDIPENDENTE, NOME, COGNOME, RAL, TIPODIPENDENTE) VALUES (26, 'Gabriele', 'Barbieri', 27000, 'Magazziniere');
INSERT INTO DIPENDENTE (IDDIPENDENTE, NOME, COGNOME, RAL, TIPODIPENDENTE) VALUES (27, 'Chiara', 'Serra', 38000, 'Operaio');
INSERT INTO DIPENDENTE (IDDIPENDENTE, NOME, COGNOME, RAL, TIPODIPENDENTE) VALUES (28, 'Stefano', 'Mancini', 29000, 'Ingegnere');
INSERT INTO DIPENDENTE (IDDIPENDENTE, NOME, COGNOME, RAL, TIPODIPENDENTE) VALUES (29, 'Giulia', 'Villa', 33000, 'Operaio');
INSERT INTO DIPENDENTE (IDDIPENDENTE, NOME, COGNOME, RAL, TIPODIPENDENTE) VALUES (30, 'Mattia', 'Rinaldi', 26000, 'Collaudatore');

/*Popolamento tabella turno*/
INSERT INTO TURNO (IDDIPENDENTE, IDREPARTO, ORAINIZIO, ORAFINE) VALUES
  (1, 1, TO_DATE('2023-06-01 08:00:00', 'YYYY-MM-DD HH24:MI:SS'), TO_DATE('2023-06-01 16:00:00', 'YYYY-MM-DD HH24:MI:SS'));
INSERT INTO TURNO (IDDIPENDENTE, IDREPARTO, ORAINIZIO, ORAFINE) VALUES
  (2, 2, TO_DATE('2023-06-01 13:00:00', 'YYYY-MM-DD HH24:MI:SS'), TO_DATE('2023-06-01 21:00:00', 'YYYY-MM-DD HH24:MI:SS'));
INSERT INTO TURNO (IDDIPENDENTE, IDREPARTO, ORAINIZIO, ORAFINE) VALUES
  (3, 3, TO_DATE('2023-06-01 09:00:00', 'YYYY-MM-DD HH24:MI:SS'), TO_DATE('2023-06-01 17:00:00', 'YYYY-MM-DD HH24:MI:SS'));
INSERT INTO TURNO (IDDIPENDENTE, IDREPARTO, ORAINIZIO, ORAFINE) VALUES
  (4, 1, TO_DATE('2023-06-01 10:00:00', 'YYYY-MM-DD HH24:MI:SS'), TO_DATE('2023-06-01 18:00:00', 'YYYY-MM-DD HH24:MI:SS'));
INSERT INTO TURNO (IDDIPENDENTE, IDREPARTO, ORAINIZIO, ORAFINE) VALUES
  (5, 2, TO_DATE('2023-06-01 14:00:00', 'YYYY-MM-DD HH24:MI:SS'), TO_DATE('2023-06-01 22:00:00', 'YYYY-MM-DD HH24:MI:SS'));
INSERT INTO TURNO (IDDIPENDENTE, IDREPARTO, ORAINIZIO, ORAFINE) VALUES
  (6, 3, TO_DATE('2023-06-01 11:00:00', 'YYYY-MM-DD HH24:MI:SS'), TO_DATE('2023-06-01 19:00:00', 'YYYY-MM-DD HH24:MI:SS'));
INSERT INTO TURNO (IDDIPENDENTE, IDREPARTO, ORAINIZIO, ORAFINE) VALUES
  (7, 1, TO_DATE('2023-06-01 12:00:00', 'YYYY-MM-DD HH24:MI:SS'), TO_DATE('2023-06-01 20:00:00', 'YYYY-MM-DD HH24:MI:SS'));
INSERT INTO TURNO (IDDIPENDENTE, IDREPARTO, ORAINIZIO, ORAFINE) VALUES
  (8, 2, TO_DATE('2023-06-01 15:00:00', 'YYYY-MM-DD HH24:MI:SS'), TO_DATE('2023-06-01 23:00:00', 'YYYY-MM-DD HH24:MI:SS'));
INSERT INTO TURNO (IDDIPENDENTE, IDREPARTO, ORAINIZIO, ORAFINE) VALUES
  (9, 3, TO_DATE('2023-06-02 08:00:00', 'YYYY-MM-DD HH24:MI:SS'), TO_DATE('2023-06-02 16:00:00', 'YYYY-MM-DD HH24:MI:SS'));
INSERT INTO TURNO (IDDIPENDENTE, IDREPARTO, ORAINIZIO, ORAFINE) VALUES
  (10, 1, TO_DATE('2023-06-02 13:00:00', 'YYYY-MM-DD HH24:MI:SS'), TO_DATE('2023-06-02 21:00:00', 'YYYY-MM-DD HH24:MI:SS'));
INSERT INTO TURNO (IDDIPENDENTE, IDREPARTO, ORAINIZIO, ORAFINE) VALUES
  (11, 2, TO_DATE('2023-06-02 09:00:00', 'YYYY-MM-DD HH24:MI:SS'), TO_DATE('2023-06-02 17:00:00', 'YYYY-MM-DD HH24:MI:SS'));
INSERT INTO TURNO (IDDIPENDENTE, IDREPARTO, ORAINIZIO, ORAFINE) VALUES
  (12, 3, TO_DATE('2023-06-02 10:00:00', 'YYYY-MM-DD HH24:MI:SS'), TO_DATE('2023-06-02 18:00:00', 'YYYY-MM-DD HH24:MI:SS'));
INSERT INTO TURNO (IDDIPENDENTE, IDREPARTO, ORAINIZIO, ORAFINE) VALUES
  (13, 1, TO_DATE('2023-06-02 14:00:00', 'YYYY-MM-DD HH24:MI:SS'), TO_DATE('2023-06-02 22:00:00', 'YYYY-MM-DD HH24:MI:SS'));
INSERT INTO TURNO (IDDIPENDENTE, IDREPARTO, ORAINIZIO, ORAFINE) VALUES
  (14, 2, TO_DATE('2023-06-02 11:00:00', 'YYYY-MM-DD HH24:MI:SS'), TO_DATE('2023-06-02 19:00:00', 'YYYY-MM-DD HH24:MI:SS'));
INSERT INTO TURNO (IDDIPENDENTE, IDREPARTO, ORAINIZIO, ORAFINE) VALUES
  (15, 3, TO_DATE('2023-06-02 12:00:00', 'YYYY-MM-DD HH24:MI:SS'), TO_DATE('2023-06-02 20:00:00', 'YYYY-MM-DD HH24:MI:SS'));
INSERT INTO TURNO (IDDIPENDENTE, IDREPARTO, ORAINIZIO, ORAFINE) VALUES
  (16, 1, TO_DATE('2023-06-02 15:00:00', 'YYYY-MM-DD HH24:MI:SS'), TO_DATE('2023-06-02 23:00:00', 'YYYY-MM-DD HH24:MI:SS'));
INSERT INTO TURNO (IDDIPENDENTE, IDREPARTO, ORAINIZIO, ORAFINE) VALUES
  (17, 2, TO_DATE('2023-06-03 08:00:00', 'YYYY-MM-DD HH24:MI:SS'), TO_DATE('2023-06-03 16:00:00', 'YYYY-MM-DD HH24:MI:SS'));
INSERT INTO TURNO (IDDIPENDENTE, IDREPARTO, ORAINIZIO, ORAFINE) VALUES
  (18, 3, TO_DATE('2023-06-03 13:00:00', 'YYYY-MM-DD HH24:MI:SS'), TO_DATE('2023-06-03 21:00:00', 'YYYY-MM-DD HH24:MI:SS'));
INSERT INTO TURNO (IDDIPENDENTE, IDREPARTO, ORAINIZIO, ORAFINE) VALUES
  (19, 1, TO_DATE('2023-06-03 09:00:00', 'YYYY-MM-DD HH24:MI:SS'), TO_DATE('2023-06-03 17:00:00', 'YYYY-MM-DD HH24:MI:SS'));
INSERT INTO TURNO (IDDIPENDENTE, IDREPARTO, ORAINIZIO, ORAFINE) VALUES
  (20, 2, TO_DATE('2023-06-03 10:00:00', 'YYYY-MM-DD HH24:MI:SS'), TO_DATE('2023-06-03 18:00:00', 'YYYY-MM-DD HH24:MI:SS'));
INSERT INTO TURNO (IDDIPENDENTE, IDREPARTO, ORAINIZIO, ORAFINE) VALUES
  (21, 3, TO_DATE('2023-06-03 14:00:00', 'YYYY-MM-DD HH24:MI:SS'), TO_DATE('2023-06-03 22:00:00', 'YYYY-MM-DD HH24:MI:SS'));
INSERT INTO TURNO (IDDIPENDENTE, IDREPARTO, ORAINIZIO, ORAFINE) VALUES
  (22, 1, TO_DATE('2023-06-03 11:00:00', 'YYYY-MM-DD HH24:MI:SS'), TO_DATE('2023-06-03 19:00:00', 'YYYY-MM-DD HH24:MI:SS'));
INSERT INTO TURNO (IDDIPENDENTE, IDREPARTO, ORAINIZIO, ORAFINE) VALUES
  (23, 2, TO_DATE('2023-06-03 12:00:00', 'YYYY-MM-DD HH24:MI:SS'), TO_DATE('2023-06-03 20:00:00', 'YYYY-MM-DD HH24:MI:SS'));
INSERT INTO TURNO (IDDIPENDENTE, IDREPARTO, ORAINIZIO, ORAFINE) VALUES
  (24, 3, TO_DATE('2023-06-04 08:00:00', 'YYYY-MM-DD HH24:MI:SS'), TO_DATE('2023-06-04 16:00:00', 'YYYY-MM-DD HH24:MI:SS'));
INSERT INTO TURNO (IDDIPENDENTE, IDREPARTO, ORAINIZIO, ORAFINE) VALUES
  (25, 1, TO_DATE('2023-06-04 13:00:00', 'YYYY-MM-DD HH24:MI:SS'), TO_DATE('2023-06-04 21:00:00', 'YYYY-MM-DD HH24:MI:SS'));
INSERT INTO TURNO (IDDIPENDENTE, IDREPARTO, ORAINIZIO, ORAFINE) VALUES
  (26, 2, TO_DATE('2023-06-04 09:00:00', 'YYYY-MM-DD HH24:MI:SS'), TO_DATE('2023-06-04 17:00:00', 'YYYY-MM-DD HH24:MI:SS'));
INSERT INTO TURNO (IDDIPENDENTE, IDREPARTO, ORAINIZIO, ORAFINE) VALUES
  (27, 3, TO_DATE('2023-06-04 10:00:00', 'YYYY-MM-DD HH24:MI:SS'), TO_DATE('2023-06-04 18:00:00', 'YYYY-MM-DD HH24:MI:SS'));
INSERT INTO TURNO (IDDIPENDENTE, IDREPARTO, ORAINIZIO, ORAFINE) VALUES
  (28, 1, TO_DATE('2023-06-04 14:00:00', 'YYYY-MM-DD HH24:MI:SS'), TO_DATE('2023-06-04 22:00:00', 'YYYY-MM-DD HH24:MI:SS'));
INSERT INTO TURNO (IDDIPENDENTE, IDREPARTO, ORAINIZIO, ORAFINE) VALUES
  (29, 2, TO_DATE('2023-06-04 11:00:00', 'YYYY-MM-DD HH24:MI:SS'), TO_DATE('2023-06-04 19:00:00', 'YYYY-MM-DD HH24:MI:SS'));
INSERT INTO TURNO (IDDIPENDENTE, IDREPARTO, ORAINIZIO, ORAFINE) VALUES
  (30, 3, TO_DATE('2023-06-04 12:00:00', 'YYYY-MM-DD HH24:MI:SS'), TO_DATE('2023-06-04 20:00:00', 'YYYY-MM-DD HH24:MI:SS'));
